shot_id,shot_made_flag
1,0.405
8,0.313
17,0.659
20,0.768
33,0.347
34,0.397
35,0.406
36,0.432
37,0.645
38,0.362
45,0.444
50,0.318
55,0.333
60,0.334
66,0.281
67,0.332
71,0.37
80,0.275
85,0.301
86,0.571
95,0.557
104,0.352
113,0.326
123,0.33
126,0.876
133,0.589
141,0.232
144,0.403
150,0.796
152,0.393
153,0.775
156,0.452
159,0.937
165,0.658
172,0.405
182,0.966
192,0.371
193,0.765
196,0.359
202,0.378
210,0.291
211,0.35
228,0.948
257,0.382
260,0.374
264,0.333
267,0.67
279,0.972
282,0.354
293,0.355
299,0.836
300,0.693
301,0.839
317,0.345
327,0.342
328,0.358
335,0.374
346,0.832
348,0.264
365,0.428
390,0.74
391,0.725
392,0.794
397,0.329
418,0.373
428,0.23
434,0.535
439,0.463
440,0.398
456,0.293
459,0.245
472,0.373
480,0.234
491,0.304
497,0.271
509,0.416
511,0.324
523,0.198
533,0.399
544,0.445
546,0.365
555,0.759
558,0.439
560,0.373
573,0.297
591,0.402
596,0.361
597,0.372
601,0.496
605,0.401
617,0.346
628,0.287
634,0.341
646,0.327
649,0.301
651,0.723
654,0.831
656,0.435
657,0.413
669,0.396
670,0.963
693,0.607
694,0.274
699,0.41
711,0.408
718,0.368
722,0.401
723,0.287
725,0.602
734,0.358
735,0.349
737,0.816
746,0.286
747,0.771
766,0.379
767,0.393
771,0.289
773,0.262
774,0.376
783,0.236
784,0.387
789,0.374
792,0.428
804,0.354
809,0.327
812,0.388
813,0.306
817,0.309
820,0.323
825,0.322
826,0.343
829,0.413
855,0.413
859,0.761
862,0.412
870,0.408
876,0.358
880,0.384
886,0.974
889,0.89
891,0.37
897,0.973
902,0.371
903,0.314
908,0.323
909,0.406
920,0.343
922,0.363
924,0.722
932,0.417
934,0.344
937,0.361
941,0.374
943,0.356
950,0.429
952,0.334
954,0.969
963,0.379
975,0.369
979,0.43
981,0.366
983,0.24
985,0.43
989,0.399
995,0.376
998,0.416
1008,0.294
1019,0.739
1023,0.359
1026,0.407
1029,0.651
1034,0.875
1036,0.638
1038,0.36
1039,0.69
1051,0.473
1052,0.317
1066,0.274
1087,0.245
1092,0.227
1094,0.76
1098,0.404
1099,0.366
1102,0.299
1118,0.384
1131,0.31
1133,0.753
1135,0.947
1138,0.404
1139,0.838
1142,0.338
1151,0.405
1152,0.361
1155,0.747
1165,0.394
1167,0.96
1172,0.422
1174,0.647
1180,0.42
1200,0.413
1202,0.375
1227,0.553
1228,0.673
1229,0.334
1237,0.385
1241,0.288
1256,0.376
1279,0.414
1293,0.229
1295,0.356
1319,0.78
1320,0.394
1321,0.812
1322,0.645
1334,0.188
1351,0.71
1373,0.311
1375,0.347
1380,0.402
1382,0.764
1385,0.323
1399,0.375
1403,0.964
1428,0.312
1434,0.337
1444,0.977
1448,0.412
1466,0.902
1476,0.364
1478,0.392
1485,0.395
1491,0.659
1494,0.651
1500,0.373
1501,0.673
1503,0.401
1519,0.582
1524,0.325
1529,0.842
1533,0.731
1538,0.972
1539,0.361
1546,0.407
1555,0.34
1559,0.357
1563,0.671
1565,0.777
1574,0.361
1591,0.352
1594,0.299
1605,0.335
1611,0.383
1614,0.316
1620,0.399
1626,0.378
1630,0.352
1632,0.399
1634,0.38
1643,0.339
1651,0.398
1655,0.377
1658,0.349
1659,0.367
1665,0.391
1675,0.317
1680,0.636
1690,0.359
1696,0.319
1714,0.28
1721,0.365
1726,0.349
1728,0.418
1734,0.336
1735,0.286
1740,0.289
1744,0.807
1747,0.339
1752,0.309
1763,0.757
1765,0.74
1769,0.397
1785,0.647
1787,0.306
1788,0.35
1793,0.359
1800,0.371
1825,0.413
1826,0.728
1834,0.356
1843,0.316
1844,0.338
1848,0.333
1849,0.369
1860,0.379
1863,0.375
1875,0.517
1883,0.383
1890,0.46
1892,0.433
1893,0.387
1897,0.319
1905,0.414
1908,0.558
1931,0.31
1940,0.84
1943,0.402
1947,0.24
1965,0.707
1967,0.38
1968,0.389
1972,0.761
1982,0.362
1985,0.325
2005,0.83
2010,0.843
2021,0.37
2024,0.815
2036,0.42
2043,0.552
2047,0.58
2049,0.352
2055,0.318
2065,0.405
2066,0.321
2070,0.274
2077,0.918
2085,0.703
2095,0.541
2097,0.613
2108,0.429
2112,0.737
2113,0.735
2122,0.238
2139,0.379
2144,0.539
2146,0.323
2148,0.224
2149,0.756
2157,0.309
2159,0.405
2168,0.365
2176,0.391
2178,0.607
2181,0.315
2187,0.814
2188,0.243
2190,0.286
2194,0.361
2197,0.24
2214,0.338
2217,0.205
2222,0.394
2223,0.262
2226,0.367
2230,0.772
2240,0.447
2247,0.343
2250,0.324
2259,0.562
2262,0.339
2266,0.354
2305,0.365
2310,0.366
2313,0.361
2319,0.824
2320,0.685
2345,0.298
2350,0.606
2356,0.369
2360,0.559
2370,0.369
2386,0.359
2398,0.298
2414,0.726
2435,0.783
2439,0.435
2446,0.748
2458,0.291
2465,0.367
2466,0.376
2470,0.345
2495,0.731
2501,0.373
2507,0.277
2533,0.24
2537,0.392
2538,0.325
2541,0.285
2542,0.745
2544,0.881
2554,0.252
2555,0.235
2565,0.335
2575,0.763
2586,0.434
2588,0.374
2594,0.626
2617,0.42
2618,0.343
2623,0.968
2631,0.446
2640,0.28
2642,0.698
2647,0.396
2663,0.375
2664,0.372
2676,0.356
2680,0.975
2681,0.402
2691,0.348
2693,0.368
2695,0.417
2704,0.319
2708,0.336
2709,0.98
2717,0.796
2722,0.366
2728,0.355
2732,0.771
2743,0.42
2752,0.282
2757,0.754
2761,0.396
2769,0.313
2771,0.375
2774,0.325
2776,0.323
2781,0.288
2793,0.351
2799,0.346
2803,0.362
2811,0.353
2818,0.371
2824,0.431
2828,0.791
2829,0.35
2830,0.376
2842,0.736
2847,0.759
2848,0.406
2868,0.302
2870,0.305
2885,0.244
2886,0.398
2889,0.575
2903,0.384
2904,0.786
2918,0.842
2919,0.317
2922,0.341
2923,0.276
2931,0.293
2945,0.331
2955,0.338
2957,0.625
2960,0.761
2963,0.328
2966,0.851
2972,0.688
2974,0.338
2982,0.32
2984,0.676
3016,0.429
3021,0.334
3023,0.84
3025,0.367
3029,0.255
3034,0.762
3038,0.324
3040,0.394
3051,0.822
3062,0.353
3069,0.34
3071,0.352
3076,0.978
3079,0.311
3081,0.272
3082,0.391
3084,0.917
3098,0.356
3104,0.457
3105,0.4
3114,0.728
3118,0.405
3122,0.269
3132,0.204
3138,0.407
3141,0.409
3156,0.623
3162,0.735
3167,0.336
3170,0.34
3171,0.311
3172,0.351
3176,0.98
3180,0.381
3189,0.202
3198,0.337
3206,0.329
3215,0.404
3222,0.614
3228,0.348
3229,0.345
3232,0.248
3233,0.288
3238,0.342
3256,0.436
3264,0.528
3273,0.354
3275,0.719
3285,0.346
3289,0.285
3294,0.364
3306,0.437
3311,0.751
3318,0.344
3322,0.687
3324,0.349
3334,0.628
3341,0.374
3345,0.25
3346,0.981
3352,0.295
3368,0.321
3371,0.162
3372,0.37
3375,0.371
3384,0.388
3387,0.351
3393,0.33
3406,0.353
3411,0.541
3412,0.721
3414,0.501
3417,0.729
3420,0.767
3423,0.761
3436,0.262
3438,0.752
3442,0.238
3443,0.32
3451,0.311
3461,0.344
3489,0.313
3491,0.505
3510,0.687
3515,0.514
3527,0.29
3530,0.352
3540,0.355
3582,0.211
3604,0.312
3605,0.234
3609,0.309
3624,0.245
3628,0.75
3630,0.256
3641,0.268
3642,0.265
3648,0.347
3650,0.968
3652,0.965
3660,0.376
3664,0.269
3670,0.369
3672,0.34
3680,0.399
3682,0.964
3685,0.601
3686,0.344
3689,0.321
3705,0.369
3712,0.315
3713,0.362
3719,0.326
3721,0.281
3723,0.637
3724,0.303
3727,0.313
3733,0.54
3734,0.43
3742,0.355
3770,0.258
3777,0.373
3778,0.368
3780,0.397
3783,0.371
3784,0.392
3788,0.316
3790,0.332
3794,0.359
3795,0.393
3796,0.373
3801,0.54
3806,0.338
3813,0.345
3814,0.327
3818,0.677
3824,0.387
3836,0.399
3853,0.31
3855,0.291
3858,0.36
3861,0.764
3866,0.306
3870,0.358
3874,0.973
3876,0.281
3878,0.231
3890,0.394
3900,0.918
3904,0.392
3906,0.35
3907,0.379
3908,0.357
3912,0.365
3918,0.975
3923,0.98
3924,0.415
3925,0.236
3927,0.679
3955,0.956
3964,0.379
3969,0.371
3974,0.712
3976,0.445
3984,0.319
3991,0.432
3993,0.98
4009,0.292
4011,0.367
4020,0.311
4033,0.319
4041,0.374
4045,0.85
4052,0.4
4055,0.395
4056,0.387
4057,0.361
4067,0.973
4069,0.393
4077,0.318
4094,0.349
4095,0.335
4100,0.315
4119,0.279
4130,0.763
4131,0.383
4132,0.528
4134,0.618
4137,0.911
4138,0.321
4143,0.341
4145,0.4
4148,0.328
4163,0.25
4166,0.378
4169,0.731
4170,0.378
4174,0.446
4180,0.31
4199,0.977
4201,0.337
4203,0.389
4210,0.054
4211,0.353
4213,0.976
4225,0.39
4235,0.282
4242,0.367
4245,0.367
4250,0.358
4252,0.408
4254,0.33
4263,0.35
4264,0.314
4268,0.366
4270,0.383
4282,0.754
4283,0.312
4291,0.39
4304,0.356
4306,0.304
4309,0.364
4310,0.313
4313,0.268
4314,0.352
4315,0.327
4321,0.354
4324,0.373
4325,0.338
4328,0.377
4329,0.283
4332,0.336
4337,0.366
4342,0.378
4344,0.372
4352,0.373
4355,0.327
4366,0.338
4371,0.326
4372,0.368
4376,0.357
4384,0.336
4387,0.337
4389,0.405
4390,0.297
4406,0.307
4407,0.883
4409,0.978
4410,0.773
4424,0.319
4434,0.378
4452,0.278
4460,0.403
4470,0.566
4480,0.325
4496,0.969
4503,0.258
4512,0.358
4518,0.568
4519,0.416
4522,0.281
4525,0.378
4537,0.655
4546,0.239
4547,0.943
4553,0.34
4556,0.369
4558,0.783
4563,0.236
4568,0.291
4574,0.761
4578,0.241
4587,0.387
4592,0.541
4610,0.384
4615,0.319
4619,0.353
4620,0.533
4625,0.645
4635,0.364
4636,0.353
4641,0.397
4650,0.333
4653,0.85
4665,0.297
4668,0.955
4669,0.275
4670,0.37
4674,0.372
4675,0.391
4676,0.282
4679,0.301
4680,0.896
4686,0.351
4699,0.395
4713,0.577
4718,0.349
4721,0.344
4722,0.307
4724,0.36
4730,0.962
4731,0.341
4735,0.344
4743,0.324
4745,0.301
4746,0.622
4747,0.317
4748,0.331
4769,0.33
4771,0.321
4774,0.286
4784,0.341
4797,0.349
4801,0.712
4804,0.236
4820,0.282
4833,0.339
4834,0.288
4851,0.275
4859,0.362
4860,0.968
4863,0.359
4873,0.331
4881,0.245
4892,0.332
4908,0.39
4911,0.255
4915,0.213
4922,0.361
4929,0.335
4936,0.301
4939,0.382
4951,0.297
4956,0.337
4961,0.352
4964,0.259
4981,0.383
4991,0.971
4992,0.264
4997,0.357
5004,0.336
5010,0.366
5012,0.428
5015,0.233
5020,0.381
5030,0.346
5051,0.979
5052,0.368
5057,0.68
5058,0.43
5060,0.376
5061,0.329
5064,0.385
5078,0.395
5080,0.401
5088,0.314
5089,0.736
5090,0.321
5103,0.952
5108,0.349
5114,0.349
5115,0.39
5124,0.667
5137,0.357
5139,0.321
5144,0.318
5149,0.885
5157,0.269
5163,0.291
5174,0.355
5176,0.392
5179,0.288
5186,0.397
5203,0.768
5204,0.699
5206,0.213
5207,0.703
5220,0.292
5221,0.732
5224,0.324
5227,0.245
5229,0.238
5232,0.622
5240,0.739
5242,0.635
5243,0.256
5245,0.716
5248,0.342
5249,0.236
5254,0.296
5269,0.368
5272,0.348
5276,0.347
5286,0.749
5290,0.336
5308,0.341
5316,0.365
5318,0.331
5319,0.328
5320,0.332
5322,0.294
5324,0.261
5331,0.678
5336,0.978
5344,0.348
5354,0.342
5356,0.021
5358,0.254
5361,0.359
5365,0.722
5370,0.508
5376,0.324
5383,0.42
5384,0.339
5385,0.341
5393,0.764
5397,0.352
5398,0.331
5402,0.334
5407,0.833
5409,0.367
5425,0.339
5428,0.767
5430,0.36
5442,0.3
5447,0.358
5470,0.343
5485,0.294
5493,0.317
5502,0.503
5504,0.326
5517,0.304
5522,0.36
5527,0.712
5528,0.312
5536,0.553
5545,0.366
5576,0.238
5577,0.229
5592,0.284
5594,0.308
5595,0.312
5596,0.312
5599,0.353
5606,0.342
5617,0.29
5625,0.842
5626,0.228
5627,0.601
5642,0.733
5659,0.973
5664,0.568
5666,0.851
5671,0.268
5674,0.339
5677,0.646
5681,0.33
5683,0.017
5700,0.406
5713,0.443
5715,0.437
5718,0.328
5726,0.481
5738,0.407
5741,0.831
5743,0.815
5753,0.346
5761,0.31
5789,0.845
5797,0.27
5803,0.315
5810,0.389
5813,0.339
5817,0.33
5818,0.351
5822,0.3
5829,0.432
5846,0.284
5847,0.322
5854,0.344
5858,0.375
5863,0.324
5869,0.262
5870,0.239
5876,0.164
5881,0.223
5901,0.351
5922,0.688
5928,0.749
5933,0.331
5934,0.748
5946,0.356
5951,0.237
5955,0.364
5956,0.917
5965,0.378
5972,0.313
5981,0.23
5997,0.338
6005,0.231
6009,0.189
6010,0.308
6015,0.283
6039,0.268
6047,0.763
6051,0.026
6056,0.357
6061,0.343
6064,0.274
6065,0.344
6070,0.3
6085,0.766
6086,0.167
6091,0.777
6097,0.232
6099,0.38
6104,0.767
6108,0.342
6109,0.368
6124,0.414
6142,0.722
6144,0.311
6150,0.388
6154,0.374
6155,0.299
6156,0.977
6158,0.401
6159,0.972
6169,0.723
6170,0.026
6179,0.369
6184,0.498
6186,0.841
6204,0.162
6230,0.433
6231,0.392
6232,0.926
6235,0.331
6237,0.641
6239,0.326
6263,0.322
6265,0.346
6270,0.353
6271,0.281
6278,0.335
6279,0.601
6288,0.346
6294,0.369
6295,0.331
6302,0.708
6306,0.313
6322,0.861
6324,0.343
6327,0.325
6331,0.424
6334,0.35
6338,0.654
6339,0.634
6362,0.343
6372,0.369
6375,0.83
6393,0.339
6394,0.427
6405,0.953
6406,0.528
6416,0.747
6421,0.348
6422,0.281
6440,0.975
6457,0.744
6460,0.588
6463,0.362
6474,0.749
6476,0.35
6477,0.374
6482,0.785
6488,0.302
6489,0.286
6494,0.29
6499,0.667
6507,0.323
6524,0.33
6527,0.26
6531,0.345
6536,0.371
6538,0.184
6542,0.813
6565,0.314
6584,0.373
6588,0.373
6597,0.343
6603,0.726
6609,0.761
6613,0.789
6622,0.294
6630,0.352
6637,0.285
6639,0.761
6640,0.262
6646,0.381
6647,0.434
6648,0.968
6669,0.322
6680,0.297
6681,0.291
6684,0.063
6693,0.405
6694,0.418
6704,0.269
6706,0.337
6710,0.383
6713,0.297
6718,0.203
6732,0.409
6737,0.317
6739,0.306
6742,0.373
6746,0.741
6753,0.34
6771,0.268
6784,0.288
6790,0.978
6795,0.359
6807,0.262
6808,0.285
6818,0.318
6823,0.353
6830,0.433
6831,0.405
6832,0.355
6836,0.412
6846,0.339
6850,0.333
6854,0.336
6868,0.763
6876,0.611
6877,0.711
6881,0.228
6882,0.356
6884,0.37
6886,0.325
6901,0.381
6910,0.409
6913,0.367
6914,0.623
6918,0.752
6930,0.706
6941,0.274
6944,0.729
6945,0.29
6947,0.355
6949,0.721
6952,0.357
6963,0.714
6964,0.541
6972,0.727
6979,0.393
6981,0.35
6988,0.753
6990,0.332
6998,0.328
7004,0.376
7016,0.507
7027,0.364
7042,0.334
7056,0.279
7061,0.266
7069,0.668
7071,0.317
7088,0.772
7099,0.386
7108,0.351
7121,0.865
7125,0.783
7136,0.532
7149,0.642
7150,0.493
7151,0.305
7167,0.337
7177,0.7
7178,0.215
7183,0.556
7186,0.335
7190,0.363
7201,0.366
7202,0.381
7207,0.375
7213,0.375
7224,0.706
7225,0.345
7233,0.339
7239,0.349
7246,0.319
7248,0.361
7261,0.339
7264,0.328
7266,0.32
7274,0.359
7279,0.315
7293,0.311
7315,0.321
7322,0.345
7326,0.853
7341,0.4
7363,0.344
7365,0.694
7371,0.354
7377,0.342
7393,0.753
7405,0.306
7410,0.351
7434,0.678
7438,0.404
7447,0.679
7450,0.832
7452,0.361
7453,0.279
7455,0.369
7456,0.332
7457,0.942
7466,0.349
7470,0.734
7474,0.364
7487,0.586
7488,0.412
7492,0.723
7496,0.388
7501,0.635
7505,0.422
7512,0.271
7526,0.543
7536,0.555
7538,0.634
7539,0.407
7544,0.777
7554,0.572
7564,0.265
7566,0.695
7580,0.733
7581,0.851
7584,0.394
7587,0.373
7589,0.411
7590,0.368
7594,0.737
7597,0.38
7602,0.938
7603,0.387
7605,0.727
7609,0.365
7613,0.292
7619,0.309
7625,0.31
7626,0.434
7636,0.414
7639,0.762
7641,0.37
7643,0.827
7644,0.298
7657,0.372
7661,0.667
7666,0.33
7673,0.362
7683,0.428
7685,0.352
7699,0.378
7704,0.648
7705,0.571
7708,0.57
7728,0.27
7733,0.411
7741,0.387
7743,0.353
7745,0.311
7754,0.773
7756,0.292
7757,0.342
7770,0.728
7773,0.967
7774,0.392
7776,0.55
7777,0.41
7778,0.365
7781,0.327
7784,0.375
7789,0.871
7794,0.645
7799,0.322
7801,0.749
7818,0.26
7823,0.394
7828,0.376
7832,0.422
7839,0.334
7851,0.877
7856,0.388
7868,0.348
7869,0.223
7872,0.287
7874,0.267
7878,0.357
7888,0.377
7913,0.317
7923,0.37
7925,0.441
7926,0.578
7938,0.305
7942,0.694
7945,0.328
7954,0.657
7963,0.296
7969,0.407
7970,0.387
7977,0.394
7981,0.342
7990,0.252
8020,0.554
8023,0.358
8025,0.556
8034,0.43
8039,0.394
8046,0.355
8051,0.355
8055,0.367
8060,0.363
8063,0.285
8073,0.97
8074,0.382
8076,0.672
8080,0.397
8088,0.353
8102,0.4
8103,0.451
8104,0.431
8105,0.383
8109,0.327
8115,0.447
8121,0.669
8126,0.313
8135,0.878
8153,0.652
8156,0.321
8160,0.761
8161,0.293
8162,0.306
8171,0.453
8181,0.341
8183,0.344
8185,0.262
8191,0.975
8203,0.253
8204,0.632
8207,0.549
8208,0.405
8209,0.515
8210,0.362
8225,0.337
8226,0.349
8231,0.551
8233,0.209
8244,0.726
8250,0.286
8261,0.422
8265,0.371
8278,0.405
8279,0.298
8280,0.273
8296,0.737
8299,0.358
8300,0.405
8301,0.311
8305,0.388
8327,0.305
8334,0.382
8349,0.261
8355,0.264
8361,0.368
8362,0.361
8364,0.344
8365,0.374
8375,0.287
8378,0.673
8380,0.288
8381,0.379
8387,0.35
8399,0.751
8402,0.973
8409,0.386
8433,0.574
8436,0.4
8442,0.354
8448,0.346
8464,0.297
8469,0.552
8474,0.557
8478,0.328
8482,0.364
8490,0.294
8510,0.341
8511,0.423
8527,0.359
8532,0.301
8533,0.32
8538,0.376
8541,0.321
8545,0.376
8553,0.337
8554,0.41
8555,0.412
8569,0.353
8586,0.834
8593,0.43
8600,0.977
8606,0.847
8607,0.331
8611,0.256
8613,0.795
8618,0.864
8630,0.292
8637,0.335
8650,0.358
8652,0.223
8661,0.396
8669,0.295
8673,0.377
8674,0.384
8678,0.779
8682,0.328
8688,0.305
8689,0.763
8695,0.346
8698,0.386
8703,0.348
8709,0.359
8716,0.399
8723,0.309
8737,0.385
8753,0.394
8773,0.45
8774,0.28
8778,0.629
8786,0.585
8794,0.4
8795,0.603
8800,0.245
8804,0.38
8808,0.355
8809,0.277
8817,0.385
8818,0.339
8825,0.347
8830,0.364
8833,0.4
8834,0.349
8836,0.391
8837,0.348
8844,0.332
8851,0.371
8861,0.928
8864,0.284
8865,0.403
8869,0.325
8873,0.729
8880,0.877
8884,0.204
8888,0.317
8889,0.261
8891,0.754
8893,0.343
8897,0.408
8905,0.407
8910,0.764
8918,0.36
8939,0.349
8940,0.377
8941,0.363
8944,0.273
8949,0.338
8950,0.339
8958,0.836
8967,0.764
8975,0.59
8979,0.352
8980,0.37
8991,0.314
8995,0.241
8996,0.364
8998,0.631
9000,0.415
9001,0.734
9002,0.415
9024,0.415
9026,0.374
9027,0.368
9034,0.4
9038,0.304
9050,0.331
9052,0.804
9054,0.394
9078,0.898
9097,0.276
9109,0.348
9112,0.631
9115,0.375
9125,0.419
9132,0.324
9136,0.311
9139,0.347
9140,0.327
9142,0.507
9143,0.317
9147,0.518
9159,0.344
9165,0.587
9172,0.367
9177,0.405
9179,0.33
9185,0.364
9196,0.947
9201,0.422
9209,0.389
9210,0.56
9212,0.231
9214,0.417
9240,0.985
9241,0.288
9244,0.322
9249,0.304
9250,0.733
9255,0.378
9258,0.553
9263,0.282
9266,0.546
9269,0.338
9272,0.339
9276,0.722
9290,0.382
9299,0.358
9303,0.345
9310,0.136
9311,0.409
9314,0.345
9315,0.769
9325,0.441
9328,0.531
9329,0.399
9332,0.968
9337,0.404
9353,0.856
9355,0.363
9356,0.383
9362,0.832
9364,0.33
9366,0.319
9387,0.974
9388,0.973
9396,0.384
9400,0.35
9406,0.369
9411,0.36
9416,0.795
9417,0.786
9423,0.771
9425,0.419
9426,0.396
9427,0.279
9429,0.782
9430,0.806
9434,0.284
9442,0.396
9458,0.313
9476,0.345
9481,0.402
9483,0.356
9484,0.377
9487,0.655
9488,0.381
9490,0.297
9502,0.97
9505,0.395
9509,0.324
9515,0.441
9516,0.379
9532,0.247
9539,0.71
9542,0.406
9549,0.371
9550,0.563
9553,0.341
9554,0.275
9561,0.393
9566,0.411
9571,0.335
9577,0.407
9584,0.423
9592,0.388
9596,0.751
9602,0.379
9603,0.361
9604,0.614
9608,0.599
9609,0.39
9613,0.373
9623,0.333
9630,0.979
9633,0.43
9648,0.415
9665,0.4
9668,0.424
9678,0.33
9679,0.331
9693,0.733
9718,0.762
9720,0.737
9744,0.362
9745,0.379
9746,0.633
9753,0.381
9758,0.358
9759,0.34
9763,0.363
9766,0.384
9767,0.373
9777,0.772
9781,0.397
9789,0.37
9790,0.337
9799,0.27
9802,0.329
9805,0.572
9807,0.252
9812,0.283
9818,0.296
9820,0.763
9822,0.393
9824,0.391
9834,0.36
9836,0.252
9847,0.378
9864,0.927
9869,0.31
9875,0.37
9880,0.368
9889,0.766
9894,0.4
9909,0.652
9915,0.421
9919,0.259
9920,0.772
9940,0.685
9946,0.709
9958,0.786
9959,0.385
9973,0.65
9976,0.373
9978,0.401
9982,0.421
9987,0.35
9988,0.186
9992,0.349
10000,0.03
10002,0.846
10005,0.419
10008,0.27
10009,0.304
10011,0.244
10021,0.345
10022,0.74
10053,0.325
10074,0.423
10076,0.398
10090,0.363
10092,0.221
10099,0.394
10102,0.393
10103,0.395
10106,0.4
10108,0.648
10113,0.753
10119,0.355
10122,0.37
10125,0.342
10140,0.323
10155,0.309
10159,0.426
10164,0.392
10175,0.384
10176,0.739
10178,0.392
10186,0.442
10200,0.322
10204,0.378
10206,0.367
10211,0.373
10212,0.373
10217,0.377
10220,0.447
10230,0.414
10234,0.33
10235,0.353
10239,0.306
10240,0.342
10242,0.335
10245,0.301
10246,0.588
10247,0.341
10250,0.321
10254,0.773
10257,0.384
10260,0.292
10261,0.768
10265,0.402
10273,0.265
10274,0.295
10277,0.404
10289,0.911
10290,0.274
10298,0.379
10301,0.424
10304,0.353
10305,0.416
10313,0.338
10320,0.348
10323,0.34
10328,0.328
10332,0.964
10336,0.971
10343,0.36
10348,0.42
10350,0.345
10351,0.366
10354,0.329
10372,0.256
10373,0.724
10380,0.396
10383,0.249
10396,0.57
10397,0.435
10399,0.623
10400,0.427
10401,0.368
10402,0.389
10403,0.409
10410,0.961
10412,0.529
10415,0.315
10424,0.375
10428,0.355
10432,0.341
10462,0.328
10477,0.354
10482,0.417
10484,0.382
10493,0.353
10495,0.265
10497,0.34
10516,0.361
10521,0.214
10522,0.876
10523,0.796
10528,0.326
10530,0.253
10532,0.553
10533,0.354
10543,0.857
10547,0.567
10552,0.391
10558,0.36
10571,0.325
10572,0.262
10574,0.238
10583,0.409
10600,0.349
10607,0.527
10608,0.582
10614,0.171
10630,0.326
10634,0.352
10635,0.382
10641,0.733
10643,0.56
10644,0.44
10648,0.552
10669,0.356
10675,0.548
10686,0.752
10704,0.32
10707,0.378
10722,0.319
10736,0.527
10764,0.284
10767,0.753
10776,0.361
10779,0.494
10781,0.372
10792,0.649
10797,0.395
10798,0.395
10801,0.6
10802,0.511
10805,0.322
10808,0.352
10810,0.898
10816,0.39
10817,0.413
10829,0.579
10843,0.331
10858,0.406
10866,0.357
10876,0.383
10887,0.314
10891,0.242
10896,0.347
10900,0.609
10905,0.368
10907,0.362
10917,0.254
10936,0.326
10947,0.383
10948,0.612
10951,0.357
10955,0.382
10969,0.418
10984,0.347
10987,0.335
10990,0.341
10992,0.324
10996,0.388
10997,0.418
10999,0.367
11000,0.595
11001,0.403
11010,0.383
11016,0.369
11018,0.782
11034,0.905
11039,0.359
11041,0.367
11047,0.382
11053,0.583
11055,0.253
11056,0.412
11065,0.322
11068,0.553
11070,0.351
11071,0.581
11072,0.336
11079,0.43
11091,0.386
11094,0.299
11112,0.379
11113,0.382
11128,0.225
11153,0.638
11154,0.135
11163,0.399
11179,0.286
11181,0.127
11206,0.179
11216,0.302
11221,0.355
11223,0.784
11228,0.827
11235,0.384
11237,0.36
11244,0.188
11256,0.391
11267,0.348
11272,0.623
11281,0.364
11285,0.325
11288,0.444
11291,0.351
11293,0.376
11297,0.341
11298,0.321
11299,0.262
11301,0.359
11309,0.755
11331,0.409
11332,0.411
11337,0.368
11343,0.856
11347,0.392
11348,0.743
11355,0.968
11368,0.283
11369,0.879
11371,0.763
11378,0.743
11384,0.353
11387,0.38
11393,0.285
11399,0.422
11412,0.669
11431,0.405
11432,0.335
11444,0.918
11450,0.969
11451,0.577
11476,0.339
11488,0.335
11495,0.733
11505,0.338
11508,0.918
11518,0.381
11522,0.228
11524,0.387
11533,0.352
11549,0.351
11551,0.981
11560,0.327
11563,0.332
11565,0.754
11567,0.355
11569,0.391
11598,0.548
11604,0.682
11611,0.365
11617,0.329
11626,0.342
11642,0.355
11643,0.351
11648,0.331
11651,0.365
11663,0.308
11666,0.317
11685,0.424
11686,0.539
11698,0.263
11708,0.385
11711,0.361
11718,0.414
11742,0.369
11761,0.751
11767,0.406
11768,0.343
11775,0.588
11779,0.392
11786,0.963
11790,0.629
11791,0.415
11796,0.023
11806,0.55
11810,0.361
11811,0.352
11814,0.952
11816,0.346
11820,0.371
11822,0.349
11829,0.538
11832,0.364
11834,0.737
11836,0.328
11837,0.317
11844,0.707
11847,0.657
11864,0.589
11865,0.659
11872,0.368
11873,0.346
11886,0.457
11894,0.357
11905,0.371
11906,0.242
11907,0.376
11912,0.357
11914,0.791
11918,0.433
11924,0.407
11929,0.959
11930,0.349
11936,0.388
11937,0.416
11954,0.434
11957,0.373
11964,0.282
11968,0.138
11972,0.44
11976,0.412
11979,0.231
11981,0.347
11983,0.382
11989,0.25
11991,0.367
11998,0.348
12003,0.413
12007,0.372
12011,0.533
12014,0.327
12024,0.337
12033,0.388
12034,0.391
12041,0.375
12046,0.34
12056,0.323
12064,0.365
12069,0.321
12070,0.308
12071,0.378
12072,0.269
12078,0.32
12091,0.68
12092,0.362
12094,0.279
12098,0.371
12103,0.359
12115,0.747
12118,0.451
12122,0.528
12125,0.963
12133,0.375
12137,0.42
12141,0.273
12143,0.354
12144,0.769
12154,0.339
12163,0.383
12170,0.78
12193,0.323
12196,0.359
12206,0.365
12209,0.417
12214,0.384
12228,0.341
12233,0.58
12238,0.369
12242,0.218
12245,0.682
12247,0.279
12251,0.425
12287,0.346
12292,0.734
12304,0.362
12317,0.712
12320,0.758
12323,0.774
12328,0.401
12333,0.746
12334,0.369
12335,0.722
12352,0.387
12358,0.35
12364,0.365
12376,0.346
12396,0.406
12402,0.972
12406,0.359
12408,0.24
12410,0.969
12413,0.589
12417,0.379
12424,0.52
12425,0.293
12426,0.362
12430,0.375
12432,0.857
12433,0.391
12451,0.269
12457,0.56
12465,0.428
12468,0.571
12474,0.424
12475,0.444
12486,0.418
12487,0.576
12514,0.338
12524,0.98
12526,0.361
12530,0.399
12532,0.164
12593,0.327
12599,0.356
12600,0.415
12603,0.381
12624,0.969
12630,0.383
12638,0.402
12641,0.756
12643,0.76
12656,0.35
12666,0.861
12673,0.771
12675,0.243
12678,0.845
12692,0.024
12693,0.87
12707,0.375
12711,0.706
12716,0.249
12717,0.791
12723,0.381
12738,0.322
12742,0.342
12746,0.381
12753,0.366
12758,0.402
12760,0.304
12763,0.349
12764,0.372
12768,0.365
12776,0.337
12777,0.373
12783,0.831
12804,0.352
12824,0.369
12839,0.318
12847,0.377
12850,0.966
12867,0.764
12883,0.322
12887,0.432
12890,0.192
12903,0.635
12906,0.3
12907,0.267
12909,0.349
12912,0.36
12915,0.319
12930,0.788
12931,0.524
12934,0.698
12951,0.361
12955,0.386
12973,0.397
12988,0.375
12999,0.412
13015,0.684
13026,0.883
13036,0.393
13039,0.356
13040,0.252
13041,0.43
13043,0.656
13057,0.386
13064,0.322
13068,0.769
13069,0.637
13073,0.567
13079,0.823
13086,0.261
13089,0.688
13093,0.403
13097,0.757
13098,0.368
13105,0.371
13107,0.535
13108,0.634
13110,0.442
13112,0.871
13114,0.397
13118,0.404
13127,0.341
13129,0.306
13142,0.982
13146,0.379
13149,0.382
13157,0.393
13158,0.883
13159,0.817
13161,0.308
13162,0.412
13166,0.38
13168,0.405
13170,0.97
13186,0.575
13191,0.387
13203,0.376
13209,0.307
13212,0.282
13213,0.422
13222,0.32
13229,0.74
13234,0.585
13257,0.761
13258,0.357
13268,0.348
13270,0.37
13291,0.286
13292,0.356
13299,0.319
13307,0.974
13309,0.379
13311,0.411
13312,0.37
13322,0.38
13324,0.771
13330,0.429
13338,0.335
13344,0.695
13348,0.267
13355,0.781
13365,0.98
13368,0.33
13370,0.392
13372,0.677
13377,0.848
13385,0.562
13389,0.371
13393,0.38
13395,0.303
13404,0.27
13411,0.368
13416,0.386
13434,0.395
13435,0.903
13445,0.314
13446,0.306
13451,0.646
13462,0.52
13464,0.359
13466,0.345
13471,0.356
13472,0.731
13477,0.294
13481,0.348
13484,0.833
13490,0.351
13492,0.698
13500,0.301
13508,0.39
13516,0.359
13525,0.299
13526,0.427
13530,0.719
13532,0.394
13538,0.319
13546,0.391
13548,0.457
13550,0.766
13551,0.372
13564,0.427
13566,0.874
13570,0.412
13580,0.353
13585,0.295
13588,0.193
13592,0.381
13594,0.409
13609,0.295
13610,0.733
13613,0.332
13625,0.372
13626,0.855
13639,0.743
13645,0.846
13647,0.491
13648,0.196
13652,0.632
13654,0.743
13664,0.409
13673,0.332
13684,0.363
13690,0.344
13693,0.347
13696,0.318
13700,0.79
13701,0.303
13707,0.633
13713,0.362
13714,0.386
13716,0.495
13720,0.342
13727,0.347
13733,0.343
13738,0.284
13757,0.427
13759,0.656
13761,0.372
13767,0.253
13782,0.424
13786,0.433
13787,0.391
13792,0.299
13795,0.872
13798,0.384
13807,0.06
13809,0.36
13811,0.341
13815,0.359
13817,0.229
13818,0.242
13822,0.327
13824,0.3
13829,0.314
13832,0.958
13840,0.714
13841,0.723
13868,0.288
13871,0.956
13880,0.377
13888,0.696
13890,0.765
13891,0.328
13895,0.285
13907,0.305
13910,0.693
13912,0.73
13913,0.344
13923,0.776
13929,0.33
13936,0.417
13946,0.214
13950,0.322
13951,0.319
13954,0.303
13958,0.757
13969,0.71
13980,0.307
13981,0.429
13986,0.378
13987,0.263
13989,0.65
13992,0.294
13994,0.365
14001,0.81
14002,0.379
14004,0.396
14006,0.354
14012,0.654
14021,0.384
14024,0.862
14045,0.331
14047,0.799
14057,0.383
14059,0.366
14060,0.382
14068,0.284
14070,0.584
14074,0.532
14076,0.555
14089,0.343
14115,0.371
14116,0.341
14128,0.678
14131,0.411
14134,0.639
14137,0.59
14138,0.382
14139,0.743
14152,0.378
14153,0.864
14155,0.372
14156,0.751
14164,0.383
14165,0.439
14171,0.324
14174,0.316
14181,0.434
14186,0.786
14192,0.486
14201,0.66
14210,0.584
14214,0.294
14231,0.37
14236,0.31
14241,0.438
14245,0.343
14249,0.305
14251,0.37
14262,0.394
14265,0.34
14267,0.587
14270,0.965
14276,0.697
14279,0.602
14281,0.381
14289,0.316
14290,0.302
14293,0.765
14295,0.748
14297,0.373
14298,0.386
14310,0.365
14312,0.738
14315,0.754
14318,0.558
14319,0.548
14325,0.546
14331,0.384
14334,0.277
14341,0.58
14343,0.968
14344,0.349
14346,0.402
14347,0.356
14349,0.366
14352,0.349
14358,0.306
14361,0.306
14363,0.657
14374,0.558
14376,0.458
14381,0.555
14398,0.39
14410,0.345
14412,0.307
14415,0.446
14423,0.55
14425,0.378
14436,0.347
14444,0.291
14455,0.594
14465,0.402
14469,0.369
14471,0.265
14475,0.294
14479,0.398
14480,0.315
14488,0.602
14491,0.756
14501,0.38
14520,0.752
14522,0.604
14523,0.369
14537,0.766
14538,0.563
14550,0.312
14561,0.333
14575,0.373
14586,0.343
14592,0.376
14601,0.836
14602,0.428
14604,0.309
14606,0.374
14627,0.371
14641,0.7
14652,0.404
14662,0.702
14665,0.562
14673,0.512
14675,0.376
14679,0.849
14683,0.38
14686,0.348
14705,0.421
14708,0.379
14709,0.636
14710,0.273
14715,0.58
14717,0.377
14723,0.359
14725,0.375
14727,0.553
14728,0.353
14735,0.315
14746,0.359
14752,0.414
14757,0.297
14762,0.348
14763,0.394
14797,0.377
14812,0.338
14818,0.818
14825,0.425
14827,0.345
14829,0.394
14830,0.411
14837,0.389
14849,0.367
14863,0.392
14869,0.39
14882,0.272
14884,0.782
14886,0.833
14888,0.737
14890,0.328
14904,0.414
14938,0.308
14952,0.347
14958,0.771
14963,0.372
14979,0.386
14980,0.349
14986,0.492
14988,0.377
15003,0.281
15006,0.605
15009,0.979
15015,0.686
15024,0.361
15030,0.65
15036,0.361
15038,0.671
15039,0.394
15047,0.893
15049,0.27
15056,0.981
15068,0.364
15070,0.36
15073,0.343
15081,0.375
15084,0.299
15088,0.975
15092,0.259
15095,0.425
15097,0.375
15098,0.366
15115,0.648
15120,0.766
15126,0.318
15133,0.579
15143,0.353
15156,0.349
15164,0.244
15178,0.394
15198,0.768
15200,0.807
15208,0.028
15214,0.29
15218,0.876
15231,0.393
15238,0.333
15239,0.374
15240,0.42
15249,0.269
15256,0.307
15260,0.629
15290,0.366
15307,0.979
15308,0.834
15321,0.861
15323,0.668
15325,0.346
15342,0.597
15346,0.375
15349,0.395
15354,0.35
15362,0.33
15379,0.327
15383,0.378
15394,0.245
15401,0.643
15405,0.379
15407,0.367
15412,0.545
15413,0.56
15415,0.537
15427,0.681
15430,0.457
15436,0.59
15439,0.318
15443,0.383
15444,0.868
15445,0.789
15450,0.388
15456,0.88
15465,0.352
15466,0.303
15470,0.396
15474,0.67
15476,0.421
15482,0.289
15492,0.38
15510,0.541
15519,0.397
15523,0.216
15535,0.62
15561,0.974
15564,0.743
15566,0.307
15579,0.404
15580,0.622
15581,0.366
15587,0.399
15589,0.391
15591,0.376
15597,0.419
15620,0.742
15627,0.734
15636,0.773
15653,0.452
15662,0.959
15664,0.434
15666,0.584
15667,0.343
15674,0.753
15692,0.387
15715,0.311
15736,0.545
15744,0.747
15746,0.285
15758,0.384
15760,0.237
15766,0.301
15767,0.395
15789,0.77
15810,0.317
15818,0.35
15820,0.244
15830,0.366
15844,0.266
15850,0.266
15857,0.327
15863,0.975
15869,0.332
15872,0.367
15873,0.477
15884,0.367
15885,0.688
15891,0.774
15898,0.384
15900,0.333
15932,0.324
15940,0.354
15944,0.315
15945,0.363
15963,0.698
15970,0.349
15977,0.363
15982,0.364
15985,0.387
15995,0.41
16004,0.27
16005,0.369
16011,0.308
16019,0.632
16021,0.362
16051,0.746
16065,0.346
16066,0.269
16076,0.36
16091,0.403
16094,0.382
16101,0.296
16104,0.728
16113,0.723
16114,0.514
16115,0.736
16127,0.524
16128,0.38
16138,0.686
16139,0.619
16142,0.356
16144,0.493
16148,0.802
16151,0.363
16156,0.541
16165,0.524
16166,0.275
16179,0.709
16193,0.63
16196,0.542
16198,0.382
16210,0.53
16232,0.428
16237,0.321
16240,0.558
16252,0.559
16259,0.399
16262,0.393
16263,0.407
16270,0.382
16272,0.349
16290,0.346
16295,0.838
16297,0.363
16299,0.329
16300,0.305
16302,0.385
16303,0.546
16305,0.563
16309,0.421
16312,0.35
16320,0.318
16326,0.345
16327,0.339
16338,0.345
16342,0.315
16346,0.61
16348,0.378
16355,0.549
16356,0.593
16378,0.858
16382,0.273
16391,0.423
16392,0.394
16395,0.785
16399,0.387
16403,0.399
16408,0.304
16413,0.301
16415,0.257
16417,0.663
16420,0.424
16431,0.326
16439,0.657
16444,0.828
16446,0.066
16451,0.734
16454,0.361
16461,0.379
16462,0.381
16469,0.388
16484,0.398
16486,0.768
16487,0.473
16491,0.375
16494,0.323
16507,0.322
16508,0.195
16519,0.342
16523,0.37
16526,0.762
16530,0.418
16532,0.855
16542,0.253
16550,0.827
16555,0.385
16558,0.284
16567,0.828
16576,0.398
16579,0.367
16595,0.637
16598,0.333
16600,0.332
16604,0.822
16605,0.713
16607,0.714
16610,0.385
16612,0.979
16617,0.676
16625,0.719
16632,0.433
16634,0.646
16650,0.305
16654,0.367
16655,0.371
16656,0.343
16657,0.568
16660,0.548
16662,0.42
16669,0.405
16675,0.745
16676,0.343
16678,0.345
16679,0.371
16693,0.361
16701,0.238
16715,0.372
16722,0.66
16724,0.675
16727,0.633
16735,0.342
16741,0.353
16752,0.261
16758,0.315
16765,0.371
16771,0.419
16785,0.158
16793,0.559
16800,0.44
16805,0.346
16809,0.283
16820,0.54
16827,0.546
16830,0.529
16843,0.974
16847,0.228
16855,0.78
16860,0.763
16862,0.744
16863,0.36
16872,0.286
16874,0.299
16876,0.365
16893,0.363
16895,0.421
16914,0.425
16917,0.383
16926,0.345
16930,0.498
16931,0.34
16932,0.326
16934,0.343
16937,0.415
16941,0.38
16942,0.956
16957,0.342
16962,0.569
16967,0.55
16968,0.774
16972,0.331
16974,0.379
16984,0.37
16987,0.357
16994,0.761
16995,0.672
16999,0.346
17034,0.558
17038,0.334
17040,0.258
17050,0.217
17068,0.398
17077,0.351
17079,0.686
17082,0.598
17085,0.666
17087,0.328
17099,0.831
17105,0.391
17108,0.252
17110,0.251
17111,0.418
17123,0.375
17124,0.401
17130,0.637
17138,0.384
17143,0.776
17157,0.195
17160,0.834
17166,0.4
17167,0.246
17179,0.347
17180,0.233
17189,0.706
17197,0.747
17219,0.682
17223,0.262
17225,0.859
17229,0.8
17234,0.386
17235,0.253
17239,0.392
17242,0.343
17243,0.383
17246,0.532
17247,0.295
17255,0.226
17258,0.383
17260,0.382
17264,0.671
17270,0.38
17271,0.38
17272,0.384
17285,0.387
17294,0.359
17297,0.413
17298,0.794
17299,0.424
17306,0.263
17324,0.397
17326,0.283
17330,0.327
17345,0.412
17351,0.843
17352,0.33
17372,0.255
17381,0.719
17385,0.69
17388,0.278
17390,0.666
17392,0.836
17399,0.257
17404,0.402
17407,0.264
17408,0.313
17416,0.788
17418,0.34
17434,0.762
17438,0.785
17443,0.743
17444,0.374
17453,0.434
17460,0.58
17467,0.388
17480,0.374
17488,0.744
17490,0.358
17493,0.37
17498,0.296
17503,0.359
17513,0.261
17520,0.712
17525,0.532
17534,0.338
17545,0.367
17553,0.368
17554,0.362
17557,0.362
17563,0.625
17576,0.387
17577,0.351
17580,0.637
17582,0.343
17596,0.451
17597,0.398
17602,0.746
17614,0.648
17623,0.517
17624,0.65
17627,0.712
17628,0.342
17630,0.363
17634,0.831
17640,0.33
17652,0.339
17657,0.26
17661,0.271
17662,0.407
17666,0.354
17682,0.877
17688,0.41
17693,0.607
17705,0.402
17711,0.424
17715,0.354
17717,0.389
17721,0.346
17728,0.258
17737,0.36
17745,0.382
17755,0.361
17764,0.807
17774,0.367
17785,0.276
17786,0.826
17789,0.34
17802,0.372
17810,0.841
17819,0.869
17825,0.237
17828,0.371
17833,0.213
17841,0.833
17842,0.344
17844,0.289
17849,0.402
17855,0.382
17857,0.963
17861,0.398
17863,0.284
17868,0.299
17876,0.672
17882,0.358
17885,0.392
17893,0.376
17894,0.313
17902,0.831
17906,0.37
17911,0.438
17917,0.339
17921,0.253
17941,0.277
17945,0.329
17949,0.264
17954,0.415
17957,0.361
17958,0.726
17960,0.289
17985,0.707
18000,0.409
18002,0.541
18008,0.26
18014,0.323
18015,0.981
18019,0.232
18021,0.38
18026,0.232
18029,0.393
18034,0.7
18035,0.383
18036,0.389
18039,0.764
18066,0.322
18076,0.32
18089,0.174
18104,0.29
18110,0.347
18129,0.676
18131,0.754
18133,0.245
18136,0.345
18148,0.333
18152,0.025
18167,0.86
18177,0.331
18178,0.344
18183,0.319
18194,0.583
18197,0.606
18213,0.283
18214,0.308
18221,0.25
18227,0.273
18239,0.764
18245,0.356
18266,0.223
18267,0.382
18274,0.188
18283,0.242
18297,0.26
18302,0.217
18303,0.625
18315,0.346
18324,0.312
18326,0.591
18334,0.25
18336,0.335
18344,0.306
18346,0.313
18347,0.285
18350,0.345
18352,0.466
18364,0.429
18366,0.357
18373,0.258
18391,0.244
18393,0.295
18395,0.649
18400,0.839
18408,0.377
18421,0.494
18425,0.703
18443,0.257
18451,0.32
18456,0.314
18458,0.769
18460,0.23
18467,0.395
18468,0.369
18475,0.438
18485,0.23
18494,0.785
18495,0.932
18508,0.601
18530,0.342
18533,0.327
18547,0.32
18548,0.313
18553,0.221
18561,0.334
18565,0.77
18572,0.319
18593,0.273
18600,0.269
18621,0.642
18629,0.724
18637,0.311
18649,0.312
18653,0.504
18660,0.209
18671,0.262
18672,0.133
18677,0.313
18681,0.964
18684,0.856
18686,0.255
18689,0.463
18690,0.437
18709,0.507
18716,0.724
18723,0.46
18773,0.246
18782,0.294
18797,0.487
18810,0.323
18817,0.611
18820,0.777
18825,0.303
18837,0.571
18850,0.657
18857,0.432
18861,0.493
18867,0.305
18870,0.305
18877,0.597
18887,0.359
18898,0.297
18900,0.586
18914,0.688
18921,0.39
18922,0.689
18945,0.235
18947,0.568
18953,0.508
18954,0.363
18957,0.497
18960,0.696
18973,0.173
18983,0.431
18990,0.294
18991,0.263
18993,0.305
18995,0.287
18996,0.276
19003,0.28
19014,0.325
19015,0.306
19019,0.64
19028,0.331
19038,0.387
19040,0.403
19046,0.347
19051,0.285
19054,0.964
19056,0.273
19074,0.312
19085,0.596
19099,0.843
19124,0.263
19134,0.616
19141,0.188
19146,0.59
19150,0.305
19170,0.332
19176,0.341
19187,0.39
19189,0.345
19202,0.701
19208,0.342
19209,0.28
19210,0.748
19216,0.317
19217,0.217
19218,0.667
19223,0.348
19240,0.214
19246,0.384
19269,0.38
19275,0.784
19287,0.297
19298,0.327
19303,0.308
19313,0.594
19325,0.261
19326,0.348
19328,0.3
19330,0.348
19340,0.493
19342,0.303
19343,0.317
19344,0.493
19363,0.284
19364,0.605
19371,0.143
19376,0.338
19377,0.333
19381,0.358
19384,0.379
19390,0.387
19402,0.3
19405,0.293
19409,0.214
19418,0.837
19429,0.447
19446,0.657
19458,0.812
19460,0.816
19462,0.792
19465,0.335
19472,0.367
19480,0.336
19503,0.77
19507,0.633
19517,0.408
19533,0.31
19537,0.26
19541,0.364
19563,0.306
19566,0.568
19568,0.337
19576,0.375
19591,0.354
19597,0.875
19619,0.544
19622,0.722
19623,0.376
19624,0.364
19627,0.397
19629,0.352
19633,0.388
19639,0.292
19641,0.322
19643,0.326
19649,0.311
19652,0.739
19657,0.399
19660,0.798
19668,0.985
19678,0.302
19686,0.824
19690,0.313
19694,0.435
19695,0.366
19702,0.818
19712,0.331
19720,0.729
19735,0.722
19739,0.326
19740,0.749
19743,0.352
19750,0.391
19752,0.676
19754,0.318
19762,0.417
19770,0.295
19775,0.555
19777,0.354
19782,0.357
19783,0.734
19786,0.407
19805,0.367
19808,0.259
19819,0.833
19821,0.362
19827,0.337
19830,0.526
19832,0.544
19833,0.361
19834,0.363
19843,0.363
19844,0.283
19846,0.31
19847,0.317
19850,0.697
19851,0.351
19861,0.801
19873,0.291
19878,0.35
19886,0.396
19892,0.695
19901,0.322
19902,0.313
19920,0.816
19921,0.338
19922,0.369
19929,0.773
19932,0.339
19935,0.418
19936,0.769
19946,0.727
19950,0.371
19952,0.566
19955,0.41
19976,0.344
19983,0.565
19987,0.352
19991,0.651
19996,0.68
20007,0.658
20015,0.351
20019,0.309
20023,0.384
20034,0.324
20036,0.333
20038,0.407
20039,0.42
20040,0.896
20045,0.353
20046,0.685
20048,0.39
20060,0.402
20068,0.287
20074,0.781
20111,0.283
20117,0.35
20125,0.378
20129,0.718
20134,0.363
20135,0.256
20139,0.361
20142,0.412
20147,0.699
20154,0.735
20157,0.241
20169,0.118
20179,0.26
20202,0.277
20207,0.385
20215,0.315
20216,0.616
20217,0.759
20218,0.777
20219,0.654
20226,0.415
20236,0.391
20239,0.336
20246,0.425
20247,0.246
20253,0.641
20255,0.312
20268,0.354
20270,0.77
20271,0.344
20279,0.402
20282,0.715
20295,0.395
20302,0.444
20305,0.636
20306,0.603
20308,0.331
20330,0.69
20335,0.399
20344,0.28
20349,0.878
20360,0.415
20362,0.836
20378,0.572
20394,0.295
20397,0.754
20403,0.322
20405,0.678
20415,0.341
20417,0.346
20420,0.36
20425,0.433
20430,0.757
20435,0.544
20443,0.573
20446,0.398
20458,0.409
20459,0.718
20467,0.343
20470,0.73
20482,0.75
20489,0.685
20495,0.405
20496,0.388
20497,0.726
20505,0.374
20509,0.661
20535,0.396
20539,0.664
20544,0.734
20547,0.39
20556,0.281
20557,0.58
20575,0.382
20577,0.341
20596,0.284
20597,0.406
20602,0.393
20603,0.368
20609,0.787
20618,0.398
20621,0.739
20628,0.286
20634,0.372
20637,0.388
20641,0.385
20642,0.321
20647,0.399
20655,0.577
20656,0.327
20661,0.316
20664,0.737
20674,0.752
20679,0.653
20680,0.348
20683,0.844
20687,0.35
20688,0.982
20695,0.345
20696,0.413
20699,0.437
20701,0.329
20702,0.213
20704,0.361
20721,0.336
20725,0.312
20731,0.357
20741,0.429
20742,0.288
20753,0.395
20756,0.262
20769,0.265
20771,0.399
20774,0.375
20777,0.373
20781,0.321
20797,0.717
20808,0.629
20810,0.577
20820,0.413
20823,0.921
20829,0.958
20832,0.368
20833,0.365
20837,0.317
20838,0.306
20839,0.343
20847,0.383
20861,0.396
20869,0.974
20875,0.246
20877,0.386
20889,0.382
20894,0.861
20901,0.741
20919,0.35
20923,0.389
20935,0.829
20937,0.434
20939,0.639
20940,0.401
20943,0.409
20946,0.856
20950,0.656
20961,0.768
20965,0.416
20967,0.433
20969,0.339
20970,0.386
20975,0.653
20987,0.763
20995,0.67
20998,0.736
21002,0.32
21012,0.97
21013,0.766
21015,0.384
21017,0.309
21020,0.301
21028,0.338
21031,0.318
21036,0.34
21040,0.322
21048,0.615
21049,0.355
21051,0.504
21070,0.333
21072,0.6
21079,0.67
21090,0.643
21093,0.277
21104,0.223
21114,0.315
21117,0.272
21120,0.363
21121,0.323
21132,0.296
21136,0.467
21139,0.483
21140,0.311
21146,0.625
21150,0.526
21178,0.368
21180,0.749
21198,0.303
21203,0.298
21210,0.217
21218,0.289
21220,0.317
21222,0.122
21228,0.406
21236,0.427
21239,0.178
21260,0.288
21267,0.22
21271,0.266
21279,0.196
21286,0.283
21288,0.276
21294,0.629
21298,0.251
21299,0.7
21300,0.759
21304,0.313
21307,0.209
21309,0.217
21311,0.232
21331,0.274
21332,0.69
21342,0.456
21345,0.683
21348,0.64
21353,0.444
21357,0.249
21369,0.473
21370,0.741
21371,0.268
21373,0.069
21385,0.543
21392,0.25
21401,0.356
21403,0.177
21406,0.324
21413,0.333
21414,0.373
21416,0.388
21423,0.721
21442,0.281
21443,0.097
21448,0.307
21459,0.595
21467,0.197
21474,0.458
21484,0.424
21488,0.569
21495,0.245
21498,0.299
21502,0.277
21503,0.435
21510,0.422
21516,0.74
21533,0.764
21535,0.272
21539,0.172
21541,0.337
21544,0.592
21554,0.75
21569,0.303
21572,0.398
21578,0.277
21580,0.276
21584,0.208
21589,0.608
21595,0.276
21598,0.639
21599,0.281
21606,0.24
21623,0.301
21639,0.572
21641,0.262
21645,0.314
21647,0.517
21648,0.191
21657,0.308
21671,0.293
21673,0.166
21678,0.279
21696,0.485
21699,0.482
21700,0.198
21703,0.264
21710,0.28
21721,0.205
21727,0.275
21728,0.72
21731,0.32
21741,0.282
21744,0.845
21748,0.311
21753,0.267
21756,0.338
21763,0.269
21767,0.167
21772,0.738
21774,0.298
21775,0.679
21780,0.514
21787,0.429
21805,0.309
21828,0.193
21831,0.283
21837,0.288
21842,0.27
21849,0.286
21856,0.405
21858,0.258
21862,0.126
21864,0.248
21867,0.268
21879,0.225
21881,0.207
21883,0.204
21891,0.573
21892,0.249
21902,0.164
21909,0.253
21914,0.134
21918,0.27
21919,0.193
21926,0.207
21930,0.49
21934,0.517
21940,0.308
21945,0.186
21948,0.741
21953,0.273
21954,0.123
21956,0.456
21963,0.572
21970,0.429
21984,0.252
21997,0.247
21999,0.182
22001,0.277
22002,0.142
22010,0.472
22013,0.26
22022,0.209
22024,0.264
22028,0.186
22029,0.679
22045,0.251
22049,0.216
22064,0.498
22069,0.556
22074,0.266
22082,0.195
22084,0.252
22090,0.361
22096,0.603
22100,0.25
22105,0.223
22119,0.21
22130,0.247
22152,0.722
22155,0.189
22164,0.216
22173,0.237
22194,0.389
22209,0.286
22217,0.106
22220,0.179
22222,0.742
22244,0.211
22245,0.21
22250,0.396
22256,0.672
22261,0.69
22264,0.201
22270,0.391
22279,0.811
22280,0.239
22284,0.175
22288,0.287
22293,0.26
22297,0.95
22307,0.315
22310,0.265
22319,0.699
22324,0.261
22326,0.071
22327,0.295
22329,0.293
22331,0.754
22340,0.709
22342,0.673
22347,0.398
22351,0.269
22357,0.249
22361,0.157
22371,0.274
22373,0.21
22391,0.492
22404,0.758
22409,0.68
22411,0.248
22428,0.816
22436,0.8
22444,0.702
22445,0.228
22451,0.256
22463,0.213
22464,0.156
22467,0.646
22472,0.229
22485,0.804
22497,0.213
22504,0.397
22508,0.221
22516,0.205
22522,0.203
22527,0.401
22543,0.759
22549,0.276
22551,0.463
22557,0.491
22562,0.257
22567,0.265
22572,0.266
22575,0.201
22578,0.519
22579,0.262
22580,0.263
22581,0.199
22591,0.613
22593,0.248
22597,0.291
22600,0.384
22602,0.415
22603,0.369
22616,0.553
22617,0.266
22622,0.529
22623,0.276
22624,0.715
22628,0.201
22640,0.227
22641,0.261
22653,0.528
22660,0.195
22672,0.572
22674,0.217
22689,0.522
22698,0.277
22705,0.776
22709,0.679
22711,0.215
22714,0.732
22715,0.229
22729,0.387
22730,0.403
22733,0.273
22750,0.226
22754,0.707
22756,0.772
22758,0.483
22767,0.684
22768,0.574
22769,0.717
22776,0.213
22778,0.204
22780,0.629
22789,0.368
22797,0.539
22799,0.81
22814,0.186
22818,0.264
22821,0.407
22823,0.369
22841,0.18
22847,0.542
22848,0.377
22862,0.286
22875,0.736
22877,0.794
22887,0.188
22892,0.119
22899,0.749
22901,0.813
22907,0.361
22909,0.432
22926,0.352
22927,0.339
22930,0.389
22934,0.364
22937,0.403
22939,0.695
22949,0.32
22951,0.413
22955,0.284
22965,0.818
22966,0.678
22968,0.968
22972,0.313
22975,0.285
22981,0.338
22988,0.294
22994,0.43
22996,0.746
23011,0.592
23028,0.318
23031,0.4
23035,0.331
23038,0.359
23042,0.322
23049,0.832
23051,0.961
23053,0.292
23057,0.734
23058,0.339
23063,0.419
23064,0.392
23067,0.237
23071,0.361
23075,0.259
23077,0.732
23090,0.334
23094,0.4
23097,0.334
23103,0.258
23107,0.714
23117,0.325
23122,0.338
23124,0.225
23126,0.281
23129,0.729
23136,0.367
23141,0.362
23142,0.336
23147,0.374
23154,0.376
23159,0.316
23165,0.359
23171,0.721
23173,0.038
23175,0.41
23179,0.943
23182,0.762
23185,0.355
23188,0.363
23189,0.362
23209,0.355
23214,0.298
23215,0.341
23233,0.392
23241,0.296
23252,0.344
23255,0.396
23263,0.324
23281,0.308
23282,0.254
23289,0.28
23292,0.287
23296,0.379
23297,0.327
23301,0.363
23302,0.324
23304,0.342
23309,0.279
23312,0.337
23316,0.416
23321,0.263
23342,0.381
23344,0.339
23350,0.244
23367,0.729
23368,0.288
23374,0.302
23387,0.296
23389,0.713
23399,0.808
23403,0.813
23406,0.969
23414,0.338
23415,0.241
23419,0.757
23436,0.417
23439,0.838
23444,0.362
23445,0.301
23455,0.258
23469,0.241
23472,0.165
23477,0.307
23478,0.728
23479,0.381
23487,0.367
23490,0.365
23491,0.798
23492,0.208
23494,0.257
23496,0.235
23497,0.294
23506,0.215
23515,0.391
23528,0.224
23532,0.272
23549,0.687
23551,0.212
23552,0.216
23555,0.332
23556,0.333
23564,0.746
23583,0.327
23592,0.347
23597,0.967
23601,0.33
23605,0.715
23615,0.342
23619,0.288
23621,0.963
23626,0.714
23635,0.405
23637,0.38
23640,0.358
23646,0.313
23655,0.296
23672,0.753
23673,0.351
23682,0.29
23683,0.341
23699,0.326
23704,0.594
23707,0.977
23713,0.269
23714,0.253
23716,0.321
23718,0.676
23721,0.218
23735,0.297
23737,0.375
23744,0.329
23749,0.749
23755,0.341
23769,0.736
23772,0.299
23773,0.099
23774,0.754
23779,0.28
23782,0.414
23793,0.321
23803,0.959
23828,0.749
23833,0.736
23834,0.801
23844,0.377
23845,0.743
23852,0.803
23855,0.734
23867,0.29
23872,0.728
23874,0.399
23880,0.244
23886,0.239
23898,0.308
23900,0.266
23903,0.201
23907,0.258
23908,0.799
23912,0.285
23916,0.247
23917,0.311
23918,0.351
23922,0.399
23928,0.281
23940,0.723
23944,0.522
23945,0.387
23951,0.28
23966,0.299
23970,0.286
23971,0.354
23976,0.714
23980,0.304
23987,0.956
23988,0.362
23993,0.341
23997,0.269
23998,0.342
23999,0.813
24010,0.75
24015,0.749
24023,0.394
24033,0.275
24046,0.734
24060,0.416
24062,0.25
24065,0.723
24070,0.387
24071,0.288
24073,0.313
24079,0.329
24082,0.958
24084,0.379
24089,0.325
24094,0.448
24100,0.351
24105,0.238
24106,0.166
24108,0.724
24111,0.971
24120,0.409
24125,0.64
24134,0.749
24140,0.376
24151,0.319
24153,0.273
24154,0.378
24161,0.371
24166,0.356
24170,0.615
24176,0.208
24182,0.844
24188,0.367
24190,0.327
24201,0.965
24211,0.839
24215,0.737
24216,0.975
24219,0.306
24222,0.73
24240,0.982
24243,0.351
24245,0.4
24251,0.231
24256,0.976
24258,0.278
24261,0.363
24263,0.377
24264,0.397
24266,0.292
24273,0.379
24278,0.345
24289,0.967
24292,0.383
24293,0.351
24298,0.974
24299,0.332
24303,0.706
24304,0.392
24305,0.379
24329,0.326
24341,0.351
24345,0.778
24353,0.302
24358,0.974
24364,0.745
24367,0.334
24370,0.778
24377,0.383
24380,0.32
24381,0.237
24387,0.353
24391,0.358
24409,0.973
24413,0.395
24416,0.375
24427,0.416
24439,0.28
24443,0.397
24448,0.395
24454,0.642
24455,0.249
24461,0.212
24464,0.389
24468,0.215
24469,0.242
24501,0.304
24508,0.287
24519,0.375
24520,0.971
24538,0.464
24540,0.764
24550,0.378
24552,0.265
24561,0.321
24577,0.338
24579,0.368
24580,0.374
24582,0.338
24591,0.674
24592,0.378
24599,0.742
24602,0.316
24606,0.373
24617,0.348
24619,0.696
24630,0.242
24633,0.852
24634,0.723
24638,0.347
24641,0.364
24644,0.377
24645,0.844
24656,0.365
24661,0.348
24663,0.775
24667,0.397
24669,0.72
24682,0.4
24698,0.296
24699,0.765
24702,0.301
24703,0.367
24717,0.367
24724,0.972
24731,0.302
24737,0.262
24740,0.358
24743,0.275
24744,0.979
24755,0.455
24757,0.405
24765,0.391
24766,0.329
24776,0.762
24787,0.977
24789,0.444
24791,0.291
24792,0.277
24804,0.074
24812,0.42
24816,0.34
24817,0.401
24820,0.532
24828,0.308
24832,0.294
24836,0.306
24842,0.766
24846,0.245
24847,0.192
24848,0.979
24851,0.743
24855,0.815
24856,0.282
24871,0.45
24874,0.387
24877,0.391
24889,0.378
24897,0.282
24899,0.78
24908,0.38
24913,0.733
24923,0.301
24933,0.356
24971,0.345
24973,0.976
24993,0.444
24998,0.413
25000,0.974
25001,0.978
25002,0.386
25003,0.978
25009,0.264
25024,0.282
25026,0.28
25027,0.981
25034,0.289
25050,0.347
25057,0.393
25067,0.813
25075,0.347
25081,0.413
25085,0.412
25093,0.383
25097,0.36
25103,0.338
25104,0.384
25109,0.404
25112,0.878
25113,0.433
25114,0.312
25119,0.283
25121,0.293
25122,0.866
25124,0.757
25131,0.405
25134,0.888
25144,0.333
25147,0.782
25148,0.39
25149,0.4
25155,0.42
25169,0.699
25177,0.715
25178,0.311
25179,0.333
25180,0.698
25191,0.622
25199,0.343
25232,0.363
25241,0.415
25242,0.833
25243,0.262
25246,0.319
25259,0.735
25265,0.779
25278,0.769
25280,0.348
25284,0.392
25286,0.752
25288,0.329
25318,0.984
25330,0.747
25333,0.407
25339,0.38
25340,0.731
25346,0.41
25349,0.729
25351,0.272
25361,0.679
25366,0.402
25368,0.975
25369,0.449
25370,0.471
25375,0.071
25376,0.775
25377,0.377
25379,0.402
25382,0.433
25386,0.454
25389,0.429
25399,0.332
25400,0.976
25401,0.698
25407,0.308
25409,0.283
25412,0.403
25416,0.262
25418,0.398
25423,0.399
25436,0.4
25439,0.328
25442,0.413
25445,0.977
25446,0.382
25453,0.133
25456,0.362
25458,0.42
25460,0.367
25461,0.285
25468,0.861
25470,0.438
25471,0.291
25482,0.422
25501,0.834
25504,0.733
25515,0.336
25518,0.362
25528,0.41
25533,0.381
25543,0.304
25548,0.322
25564,0.289
25572,0.782
25576,0.354
25577,0.47
25587,0.318
25591,0.296
25596,0.276
25598,0.314
25617,0.344
25618,0.863
25620,0.345
25623,0.407
25626,0.366
25628,0.353
25633,0.425
25637,0.353
25644,0.288
25662,0.368
25663,0.407
25673,0.667
25678,0.348
25685,0.337
25691,0.318
25706,0.342
25707,0.219
25723,0.393
25725,0.411
25735,0.705
25740,0.359
25759,0.357
25761,0.81
25769,0.365
25774,0.282
25779,0.771
25781,0.386
25784,0.971
25790,0.952
25796,0.325
25816,0.357
25847,0.302
25850,0.24
25852,0.825
25856,0.361
25866,0.427
25867,0.762
25868,0.344
25869,0.448
25877,0.748
25878,0.376
25890,0.439
25898,0.864
25899,0.319
25906,0.962
25907,0.762
25915,0.962
25932,0.739
25939,0.396
25946,0.767
25951,0.715
25959,0.373
25961,0.392
25964,0.439
25969,0.327
25980,0.279
25986,0.32
25992,0.241
25998,0.336
26000,0.342
26006,0.356
26009,0.311
26016,0.438
26023,0.958
26038,0.384
26041,0.252
26050,0.387
26051,0.964
26057,0.386
26060,0.185
26062,0.314
26067,0.972
26068,0.266
26072,0.348
26074,0.826
26075,0.387
26081,0.759
26108,0.768
26112,0.971
26113,0.229
26115,0.32
26122,0.28
26139,0.297
26162,0.416
26165,0.356
26173,0.343
26177,0.365
26179,0.389
26184,0.229
26190,0.305
26204,0.367
26205,0.027
26212,0.814
26215,0.371
26227,0.868
26232,0.762
26237,0.441
26246,0.563
26248,0.783
26249,0.4
26260,0.397
26263,0.305
26267,0.948
26269,0.386
26271,0.776
26273,0.672
26286,0.383
26297,0.353
26309,0.405
26313,0.333
26319,0.412
26329,0.383
26330,0.766
26333,0.465
26361,0.869
26366,0.405
26376,0.965
26378,0.391
26382,0.376
26389,0.368
26391,0.318
26401,0.605
26415,0.296
26419,0.685
26421,0.975
26422,0.343
26423,0.762
26424,0.436
26441,0.723
26442,0.391
26446,0.82
26447,0.353
26448,0.364
26451,0.395
26459,0.284
26465,0.247
26476,0.318
26481,0.347
26487,0.976
26501,0.375
26513,0.739
26517,0.364
26527,0.823
26534,0.743
26535,0.963
26545,0.355
26550,0.29
26558,0.295
26571,0.747
26573,0.359
26575,0.371
26578,0.382
26583,0.857
26590,0.427
26593,0.841
26602,0.23
26606,0.752
26613,0.74
26615,0.363
26618,0.398
26628,0.979
26630,0.82
26635,0.325
26645,0.403
26648,0.194
26651,0.369
26660,0.227
26663,0.641
26664,0.625
26665,0.785
26673,0.695
26675,0.371
26676,0.429
26677,0.38
26679,0.427
26687,0.398
26689,0.421
26697,0.372
26737,0.776
26747,0.978
26748,0.4
26749,0.361
26754,0.945
26759,0.402
26760,0.762
26765,0.348
26769,0.307
26771,0.332
26776,0.406
26778,0.355
26780,0.436
26783,0.266
26785,0.394
26800,0.365
26804,0.268
26812,0.378
26816,0.351
26823,0.769
26834,0.36
26836,0.828
26841,0.768
26845,0.364
26849,0.353
26854,0.725
26858,0.402
26860,0.219
26866,0.356
26871,0.202
26873,0.504
26905,0.329
26907,0.318
26920,0.676
26924,0.317
26930,0.295
26942,0.734
26944,0.421
26949,0.832
26952,0.968
26956,0.389
26973,0.309
26977,0.357
26993,0.669
26997,0.275
26999,0.564
27021,0.363
27023,0.405
27025,0.022
27027,0.415
27032,0.618
27034,0.303
27036,0.554
27045,0.306
27050,0.252
27051,0.827
27055,0.369
27056,0.383
27060,0.367
27061,0.743
27066,0.729
27070,0.34
27073,0.229
27077,0.87
27085,0.36
27086,0.357
27099,0.381
27105,0.41
27109,0.367
27125,0.259
27135,0.412
27139,0.619
27140,0.969
27141,0.341
27142,0.339
27144,0.243
27148,0.396
27154,0.363
27162,0.745
27175,0.517
27176,0.356
27178,0.8
27197,0.354
27204,0.343
27205,0.363
27206,0.225
27207,0.315
27216,0.369
27230,0.339
27234,0.234
27241,0.407
27249,0.972
27251,0.198
27252,0.79
27256,0.763
27257,0.554
27263,0.326
27268,0.358
27269,0.334
27276,0.352
27279,0.597
27288,0.734
27295,0.229
27299,0.29
27302,0.371
27304,0.353
27316,0.779
27318,0.23
27330,0.327
27333,0.625
27335,0.361
27339,0.343
27341,0.377
27342,0.345
27345,0.548
27347,0.505
27354,0.592
27361,0.251
27375,0.717
27387,0.569
27390,0.566
27392,0.924
27399,0.236
27403,0.291
27410,0.385
27423,0.305
27429,0.238
27432,0.439
27436,0.333
27437,0.648
27441,0.649
27444,0.7
27445,0.284
27448,0.698
27454,0.366
27459,0.257
27465,0.338
27478,0.965
27479,0.269
27481,0.538
27483,0.717
27486,0.326
27498,0.399
27505,0.327
27507,0.344
27509,0.293
27514,0.307
27527,0.74
27535,0.198
27544,0.342
27545,0.331
27556,0.275
27563,0.374
27569,0.345
27585,0.686
27589,0.365
27605,0.391
27608,0.733
27609,0.37
27611,0.242
27621,0.442
27626,0.741
27629,0.32
27645,0.758
27651,0.368
27654,0.344
27656,0.726
27663,0.747
27673,0.258
27677,0.325
27678,0.346
27680,0.353
27681,0.343
27684,0.368
27688,0.367
27706,0.359
27709,0.324
27720,0.347
27722,0.388
27733,0.681
27734,0.712
27739,0.296
27746,0.394
27751,0.839
27755,0.33
27777,0.533
27783,0.327
27795,0.377
27805,0.361
27811,0.27
27815,0.289
27823,0.363
27856,0.304
27873,0.364
27883,0.38
27885,0.73
27887,0.848
27899,0.336
27921,0.409
27924,0.349
27927,0.367
27929,0.378
27932,0.363
27943,0.426
27945,0.474
27952,0.338
27957,0.82
27960,0.405
27966,0.395
27968,0.769
27980,0.744
27984,0.317
27994,0.388
27995,0.361
28002,0.774
28004,0.556
28006,0.25
28028,0.671
28042,0.773
28043,0.419
28055,0.768
28061,0.386
28063,0.722
28077,0.422
28090,0.757
28093,0.38
28095,0.332
28096,0.739
28098,0.86
28099,0.318
28111,0.314
28115,0.366
28123,0.382
28125,0.391
28126,0.75
28129,0.756
28131,0.299
28139,0.401
28146,0.268
28153,0.822
28155,0.367
28160,0.664
28166,0.318
28167,0.788
28176,0.68
28185,0.346
28187,0.717
28195,0.747
28203,0.275
28206,0.39
28209,0.287
28210,0.308
28211,0.325
28216,0.336
28234,0.411
28235,0.772
28248,0.32
28255,0.37
28266,0.366
28277,0.319
28286,0.37
28288,0.336
28289,0.644
28290,0.347
28296,0.351
28300,0.735
28306,0.275
28307,0.297
28309,0.338
28327,0.34
28336,0.313
28345,0.44
28355,0.269
28361,0.327
28362,0.358
28374,0.344
28380,0.682
28381,0.42
28393,0.308
28394,0.345
28405,0.389
28413,0.345
28426,0.759
28428,0.828
28429,0.777
28442,0.405
28445,0.282
28457,0.967
28459,0.761
28462,0.403
28478,0.257
28490,0.374
28492,0.402
28499,0.207
28500,0.388
28506,0.774
28509,0.375
28513,0.4
28516,0.352
28519,0.96
28526,0.262
28527,0.257
28528,0.816
28533,0.378
28547,0.352
28551,0.381
28563,0.396
28566,0.396
28568,0.407
28580,0.329
28589,0.348
28590,0.772
28606,0.375
28613,0.342
28615,0.259
28619,0.337
28629,0.633
28633,0.354
28635,0.74
28646,0.261
28648,0.72
28651,0.258
28660,0.728
28681,0.391
28693,0.592
28696,0.354
28703,0.386
28709,0.388
28712,0.762
28718,0.282
28719,0.741
28727,0.237
28730,0.768
28732,0.746
28740,0.327
28747,0.413
28752,0.714
28757,0.324
28764,0.375
28765,0.852
28770,0.792
28772,0.872
28783,0.345
28786,0.263
28796,0.318
28799,0.926
28806,0.663
28807,0.342
28815,0.375
28818,0.359
28823,0.432
28824,0.542
28831,0.961
28834,0.543
28841,0.373
28848,0.763
28882,0.4
28884,0.38
28904,0.319
28907,0.253
28919,0.303
28920,0.657
28928,0.244
28935,0.069
28936,0.247
28945,0.435
28950,0.892
28957,0.671
28963,0.266
28974,0.367
28980,0.339
28988,0.614
28999,0.368
29001,0.608
29004,0.256
29006,0.357
29012,0.385
29018,0.403
29027,0.328
29030,0.302
29032,0.324
29039,0.409
29043,0.384
29056,0.867
29064,0.766
29068,0.337
29069,0.35
29074,0.271
29076,0.351
29085,0.375
29088,0.743
29091,0.321
29092,0.679
29093,0.388
29094,0.555
29108,0.693
29114,0.341
29115,0.337
29118,0.339
29125,0.413
29127,0.766
29150,0.324
29152,0.174
29155,0.722
29165,0.275
29167,0.307
29174,0.382
29180,0.391
29185,0.374
29190,0.351
29192,0.976
29194,0.396
29220,0.37
29231,0.546
29237,0.609
29240,0.518
29247,0.366
29256,0.351
29275,0.327
29278,0.391
29280,0.87
29286,0.369
29288,0.695
29305,0.704
29327,0.41
29329,0.849
29333,0.41
29335,0.422
29342,0.979
29344,0.376
29353,0.337
29358,0.385
29373,0.271
29392,0.328
29393,0.673
29395,0.975
29403,0.818
29405,0.663
29410,0.408
29423,0.357
29427,0.752
29429,0.349
29432,0.366
29440,0.619
29447,0.353
29448,0.276
29452,0.527
29455,0.331
29461,0.301
29466,0.37
29474,0.319
29476,0.356
29486,0.557
29494,0.391
29497,0.607
29505,0.345
29511,0.787
29516,0.745
29522,0.38
29523,0.278
29524,0.229
29529,0.253
29533,0.347
29535,0.371
29548,0.251
29551,0.344
29563,0.344
29574,0.391
29575,0.302
29592,0.351
29599,0.54
29608,0.285
29613,0.412
29620,0.386
29630,0.768
29637,0.294
29638,0.419
29643,0.356
29648,0.339
29657,0.367
29659,0.408
29662,0.387
29665,0.352
29699,0.747
29706,0.674
29715,0.441
29716,0.382
29717,0.325
29721,0.456
29731,0.271
29735,0.213
29739,0.471
29742,0.617
29747,0.981
29749,0.767
29754,0.978
29773,0.267
29777,0.599
29779,0.315
29783,0.33
29786,0.364
29805,0.726
29811,0.457
29812,0.498
29815,0.644
29819,0.277
29833,0.265
29847,0.285
29854,0.746
29856,0.295
29859,0.319
29864,0.378
29865,0.387
29867,0.267
29885,0.486
29894,0.362
29900,0.308
29910,0.572
29928,0.308
29942,0.279
29951,0.38
29953,0.371
29962,0.218
29968,0.312
29974,0.865
29980,0.637
29987,0.199
29993,0.738
30001,0.708
30005,0.631
30015,0.298
30034,0.259
30041,0.23
30044,0.313
30058,0.238
30061,0.326
30064,0.344
30065,0.396
30069,0.348
30074,0.35
30076,0.195
30080,0.25
30086,0.821
30087,0.263
30092,0.318
30093,0.714
30096,0.343
30097,0.738
30098,0.285
30102,0.734
30106,0.34
30110,0.653
30111,0.961
30122,0.339
30128,0.286
30130,0.668
30131,0.329
30132,0.398
30135,0.346
30137,0.827
30157,0.763
30158,0.795
30162,0.294
30170,0.766
30174,0.276
30195,0.746
30196,0.35
30204,0.404
30207,0.861
30209,0.744
30212,0.354
30221,0.336
30225,0.743
30229,0.334
30231,0.334
30233,0.383
30237,0.395
30239,0.388
30242,0.372
30244,0.296
30249,0.386
30262,0.335
30286,0.373
30292,0.403
30303,0.291
30320,0.186
30322,0.273
30355,0.398
30356,0.323
30372,0.376
30375,0.347
30379,0.425
30384,0.393
30386,0.323
30394,0.368
30395,0.297
30396,0.34
30397,0.324
30402,0.324
30413,0.25
30416,0.41
30420,0.308
30422,0.839
30432,0.334
30434,0.382
30438,0.427
30444,0.165
30446,0.345
30455,0.369
30457,0.42
30459,0.336
30463,0.406
30468,0.409
30477,0.385
30478,0.362
30481,0.424
30482,0.353
30487,0.407
30491,0.411
30496,0.799
30501,0.295
30506,0.292
30511,0.342
30513,0.415
30516,0.335
30520,0.337
30531,0.391
30542,0.851
30555,0.393
30557,0.425
30568,0.4
30570,0.961
30584,0.323
30594,0.779
30614,0.359
30617,0.37
30618,0.813
30631,0.371
30632,0.336
30634,0.736
30636,0.326
30637,0.307
30639,0.331
30647,0.359
30649,0.255
30656,0.354
30660,0.363
30665,0.286
30669,0.371
30681,0.402
30683,0.844
30687,0.856
30694,0.417
